product,fold,mse
배추,1,0.010481850667641237
배추,2,0.005459886127959179
배추,3,0.005194442262723341
배추,4,0.006096574019933123
배추,5,0.004025961656965828
